Segment,CLV_Estimate
Champions,1297.5050980392157
Loyal,1039.066997418522
At Risk,543.3008691206544
Lost,248.96529110684583
Needs Attention,185.8080945884493
New Customers,160.8924524267693
